work_id,subject
179,Spring
180,Cafes/Bars
403,Flowers
417,Gardens
418,Gardens
465,Seascapes
466,Bridges
466,Spring
469,Flowers
469,Gardens
475,Flowers
476,Gardens
479,Flowers
479,Gardens
485,Autumn/Fall
523,Flowers
523,Gardens
525,Flowers
526,Portraits
535,Bridges
536,Portraits
544,Flowers
544,Gardens
548,Gardens
549,Gardens
595,Spring
598,Spring
601,Autumn/Fall
602,Spring
605,Jesus Christ
608,Still-Life
640,Summer
642,Portraits
643,Portraits
644,Portraits
648,Portraits
650,Portraits
651,Portraits
654,Portraits
657,Portraits
669,Flowers
701,Seascapes
702,Seascapes
703,Portraits
704,Portraits
707,Portraits
708,Portraits
710,Portraits
712,Portraits
713,Portraits
715,Portraits
716,Portraits
719,Portraits
722,Still-Life
725,Still-Life
726,Winter
728,Rivers/Lakes
760,Still-Life
761,Still-Life
762,Flowers
762,Still-Life
763,Still-Life
764,Still-Life
766,Still-Life
768,Flowers
768,Still-Life
770,Flowers
770,Still-Life
771,Flowers
773,Flowers
776,Summer
780,Architectures
780,Churches/Temples/Mosques
784,Cafes/Bars
787,Flowers
787,Spring
820,Gardens
827,Cafes/Bars
832,Portraits
838,Autumn/Fall
881,Spring
882,Architectures
892,Flowers
897,Flowers
899,Flowers
908,Spring
944,Still-Life
950,Autumn/Fall
950,Summer
955,Spring
1376,Musics
1382,Portraits
1398,Musics
1414,Architectures
1420,Musics
1439,Still-Life
1445,Nude
1447,Nude
1449,Nude
1465,Still-Life
1467,Still-Life
1469,Flowers
1471,Still-Life
1475,Flowers
1483,Still-Life
1485,Nude
1499,Seascapes
1511,Winter
1519,Rivers/Lakes
1521,Nude
1527,Portraits
1529,Portraits
1531,Portraits
1533,Portraits
1535,Portraits
1543,Portraits
1546,Portraits
1552,Still-Life
1554,Still-Life
1556,Still-Life
1560,Still-Life
1562,Still-Life
1564,Still-Life
1566,Still-Life
1570,Still-Life
1574,Still-Life
1576,Nude
1578,Still-Life
1580,Bridges
1580,Rivers/Lakes
1586,Cafes/Bars
1596,Seascapes
1602,Nude
1608,Rivers/Lakes
1624,Cafes/Bars
1942,Portraits
1950,Portraits
1956,Christianity
1964,Christianity
1966,Christianity
1968,Christianity
2020,Autumn/Fall
2024,Autumn/Fall
2024,Gardens
2040,Rivers/Lakes
2044,Rivers/Lakes
2050,Water Lilies
2060,Flowers
2062,Bridges
2062,Rivers/Lakes
2064,Water Lilies
2068,Seascapes
2074,Gardens
2076,Gardens
2078,Rivers/Lakes
2080,Bridges
2080,Rivers/Lakes
2082,Rivers/Lakes
2084,Bridges
2084,Rivers/Lakes
2092,Flowers
2098,Seascapes
2098,Spring
2100,Seascapes
2104,Rivers/Lakes
2142,Winter
2144,Summer
2146,Summer
2152,Winter
2160,Summer
2168,Seascapes
2194,Rivers/Lakes
2198,Seascapes
2206,Gardens
2206,Spring
2208,Bridges
2212,Horses
2214,Gardens
2218,Rivers/Lakes
2224,Spring
2240,Seascapes
2242,Seascapes
2248,Seascapes
2252,Rivers/Lakes
2258,Bridges
2278,Autumn/Fall
2304,Portraits
2310,Bridges
2316,Rivers/Lakes
2316,Water Lilies
2318,Rivers/Lakes
2320,Seascapes
2334,Churches/Temples/Mosques
2336,Churches/Temples/Mosques
2338,Seascapes
2358,Spring
2362,Spring
2364,Flowers
2364,Still-Life
2366,Still-Life
2372,Summer
2384,Seascapes
2386,Gardens
2386,Seascapes
2388,Gardens
2394,Rivers/Lakes
2396,Seascapes
2412,Bridges
2412,Rivers/Lakes
2418,Bridges
2418,Rivers/Lakes
2418,Water Lilies
2442,Flowers
2442,Gardens
2446,Gardens
2454,Rivers/Lakes
2458,Rivers/Lakes
2466,Bridges
2472,Bridges
2482,Gardens
2486,Winter
2488,Seascapes
2492,Seascapes
2498,Summer
2504,Water Lilies
2512,Churches/Temples/Mosques
2514,Churches/Temples/Mosques
2516,Bridges
2518,Bridges
2518,Rivers/Lakes
2524,Rivers/Lakes
2536,Rivers/Lakes
2536,Water Lilies
2554,Flowers
2558,Rivers/Lakes
2572,Summer
2578,Winter
2584,Water Lilies
2608,Water Lilies
2616,Water Lilies
2622,Water Lilies
2626,Water Lilies
2628,Water Lilies
2630,Water Lilies
2632,Water Lilies
2634,Water Lilies
2644,Water Lilies
2650,Rivers/Lakes
2650,Water Lilies
2652,Bridges
2652,Rivers/Lakes
2652,Water Lilies
2656,Rivers/Lakes
2656,Water Lilies
2660,Bridges
2662,Bridges
2666,Bridges
2676,Winter
2688,Gardens
2713,Nude
2728,Dancers
2732,Dancers
2734,Dancers
2740,Dancers
2742,Dancers
2744,Nude
2758,Dancers
2760,Dancers
2766,Dancers
2768,Dancers
2776,Dancers
2786,Dancers
2794,Dancers
2798,Dancers
2800,Dancers
2804,Dancers
2812,Dancers
2814,Dancers
2850,Portraits
2856,Horses
2860,Horses
2864,Horses
2866,Horses
2868,Horses
2872,Dancers
2880,Cafes/Bars
2892,Dancers
2896,Dancers
2900,Dancers
2902,Dancers
2904,Dancers
2908,Musics
2916,Musics
2920,Dancers
2930,Dancers
2940,Dancers
2952,Nude
2954,Nude
2956,Nude
2958,Nude
2960,Nude
2966,Nude
2968,Cafes/Bars
2970,Nude
2976,Abstract/Modern Art
2978,Abstract/Modern Art
2980,Abstract/Modern Art
2982,Abstract/Modern Art
2984,Abstract/Modern Art
2988,Abstract/Modern Art
2998,Abstract/Modern Art
3002,Abstract/Modern Art
3004,Abstract/Modern Art
3008,Abstract/Modern Art
3026,Abstract/Modern Art
3040,Abstract/Modern Art
3050,Abstract/Modern Art
3066,Abstract/Modern Art
3090,Abstract/Modern Art
3092,Abstract/Modern Art
3100,Abstract/Modern Art
3110,Abstract/Modern Art
3116,Abstract/Modern Art
3126,Abstract/Modern Art
3128,Abstract/Modern Art
3134,Abstract/Modern Art
3134,Winter
3136,Abstract/Modern Art
3179,Nude
3187,Christianity
3187,Jesus Christ
3191,Christianity
3191,Jesus Christ
3197,Christianity
3205,Jesus Christ
3207,Jesus Christ
3257,Portraits
3259,Portraits
3263,Portraits
3265,Portraits
3269,Portraits
3271,Portraits
3273,Portraits
3275,Portraits
3279,Portraits
3283,Portraits
3285,Portraits
3287,Portraits
3289,Portraits
3301,Portraits
3305,Portraits
3307,Portraits
3309,Portraits
3311,Portraits
3333,Christianity
3333,Jesus Christ
3347,Lovers
3375,Bridges
3377,Nude
3485,Portraits
3493,Flowers
3737,Nude
3759,Dogs
3785,Nude
3789,Nude
3795,Nude
3817,Flowers
3877,Dancers
3879,Dancers
3881,Dancers
3885,Dancers
3887,Dancers
3893,Portraits
3907,Flowers
3909,Flowers
3937,Musics
3973,Lovers
3981,Rivers/Lakes
3991,Nude
3995,Bridges
4003,Dogs
4015,Dogs
4065,Seascapes
4069,Rivers/Lakes
4071,Gardens
4091,Flowers
4091,Nude
4107,Flowers
4107,Gardens
4111,Bridges
4119,Portraits
4121,Portraits
4123,Portraits
4127,Portraits
4135,Nude
4145,Flowers
4153,Seascapes
4165,Nude
4177,Winter
4179,Flowers
4179,Spring
4185,Flowers
4185,Still-Life
4189,Flowers
4189,Still-Life
4191,Flowers
4191,Still-Life
4193,Still-Life
4195,Still-Life
4211,Nude
4267,Nude
4275,Churches/Temples/Mosques
4315,Nude
4333,Musics
4345,Seascapes
4365,Musics
4371,Gardens
4373,Portraits
4377,Nude
4383,Nude
4411,Musics
4413,Musics
4431,Flowers
4439,Nude
4459,Dancers
4475,Nude
4485,Flowers
4501,Autumn/Fall
4505,Nude
4579,Spring
4589,Portraits
4611,Still-Life
4621,Dogs
4621,Still-Life
4637,Nude
4639,Nude
4663,Musics
4677,Cafes/Bars
4695,Horses
4709,Nude
4719,Nude
4721,Flowers
4723,Nude
4779,Nude
4797,Nude
4797,Rivers/Lakes
4805,Nude
4941,Nude
5046,Lovers
5046,Nude
5109,Landscape Art
5109,Rivers/Lakes
5173,Landscape Art
5173,Rivers/Lakes
5181,Landscape Art
5185,Landscape Art
5187,Landscape Art
5227,Landscape Art
5231,Landscape Art
5237,Landscape Art
5249,Landscape Art
5271,Horses
5291,Rivers/Lakes
5305,Flowers
5305,Gardens
5367,Gardens
5373,Dancers
5383,Portraits
5387,Winter
5421,Portraits
5423,Portraits
5431,Portraits
5439,Portraits
5441,Portraits
5481,Rivers/Lakes
5529,Lovers
5529,Nude
5551,Portraits
5553,Portraits
5561,Portraits
5569,Portraits
5571,Portraits
5573,Portraits
5575,Portraits
5577,Portraits
5589,Portraits
5593,Lovers
5595,Lovers
5595,Nude
5636,Nude
5648,Christianity
5648,Jesus Christ
5650,Horses
5676,Portraits
5714,Portraits
5718,Horses
5768,Christianity
5768,Jesus Christ
5802,Horses
5810,Jesus Christ
5828,Musics
5840,Horses
5894,Dogs
5896,Portraits
5900,Portraits
5902,Portraits
5906,Portraits
5908,Portraits
5910,Portraits
5912,Portraits
5914,Portraits
5926,Portraits
5952,Musics
5980,Portraits
5984,Nude
5992,Winter
6010,Dogs
6020,Landscape Art
6020,Rivers/Lakes
6024,Bridges
6034,Architectures
6036,Winter
6042,Rivers/Lakes
6044,Nude
6050,Architectures
6050,Autumn/Fall
6058,Winter
6062,Bridges
6062,Rivers/Lakes
6078,Summer
6086,Winter
6094,Winter
6096,Autumn/Fall
6132,Spring
6140,Bridges
6140,Rivers/Lakes
6178,Autumn/Fall
6180,Spring
6220,Winter
6246,Winter
6252,Still-Life
6254,Summer
6256,Spring
6260,Gardens
6268,Nude
6270,Spring
6282,Gardens
6288,Gardens
6288,Spring
6292,Gardens
6292,Winter
6300,Autumn/Fall
6304,Spring
6312,Winter
6324,Gardens
6350,Gardens
6392,Bridges
6398,Bridges
6404,Horses
6408,Seascapes
6440,Bridges
6462,Seascapes
6480,Bridges
6492,Portraits
6506,Seascapes
6522,Seascapes
6526,Rivers/Lakes
6532,Autumn/Fall
6532,Bridges
6542,Bridges
6558,Bridges
6566,Bridges
6727,Rivers/Lakes
6733,Autumn/Fall
6743,Rivers/Lakes
6747,Winter
6749,Bridges
6771,Spring
6781,Bridges
6781,Rivers/Lakes
6783,Bridges
6783,Rivers/Lakes
6819,Winter
6831,Spring
6835,Winter
6837,Winter
6841,Winter
6845,Rivers/Lakes
6847,Rivers/Lakes
6849,Bridges
6849,Rivers/Lakes
6851,Rivers/Lakes
6863,Rivers/Lakes
6891,Rivers/Lakes
6893,Nude
6915,Cafes/Bars
6991,Nude
7015,Portraits
7071,Nude
7073,Nude
7095,Nude
7113,Dogs
7133,Lovers
7145,Cafes/Bars
7147,Rivers/Lakes
7149,Flowers
7167,Jesus Christ
7181,Nude
7191,Musics
7201,Nude
7207,Flowers
7211,Cafes/Bars
7219,Portraits
7221,Portraits
7231,Portraits
7237,Horses
7245,Portraits
7249,Still-Life
7273,Jesus Christ
7295,Gardens
7297,Musics
7311,Musics
7317,Cafes/Bars
7341,Portraits
7343,Portraits
7345,Portraits
7351,Portraits
7355,Portraits
7357,Portraits
7359,Portraits
7361,Portraits
7365,Portraits
7367,Portraits
7369,Portraits
7371,Portraits
7373,Portraits
7379,Portraits
7381,Portraits
7385,Portraits
7387,Portraits
7387,U.S. Presidents
7395,Portraits
7395,U.S. Presidents
7401,Portraits
7401,U.S. Presidents
7409,Portraits
7409,U.S. Presidents
7411,Portraits
7411,U.S. Presidents
7413,Portraits
7415,Portraits
7417,Portraits
7419,Portraits
7425,Portraits
7427,Portraits
7427,U.S. Presidents
7433,Portraits
7433,U.S. Presidents
7435,Portraits
7435,U.S. Presidents
7437,Portraits
7437,U.S. Presidents
7439,Portraits
7439,U.S. Presidents
7443,Portraits
7453,Portraits
7457,Portraits
7459,Portraits
7465,Portraits
7467,Portraits
7469,Portraits
7471,Portraits
7473,Portraits
7479,Portraits
7481,Portraits
7483,Portraits
7491,Portraits
7493,Portraits
7503,Portraits
7507,Portraits
7509,Portraits
7511,Portraits
7515,Portraits
7519,Portraits
7521,Portraits
7527,Portraits
7533,Portraits
7535,Portraits
7559,Dogs
7585,Nude
7591,Nude
7593,Musics
7599,Dancers
7603,Dancers
7609,Nude
7615,Nude
7621,Gardens
7623,Gardens
7635,Marine Art/Maritime
7635,Seascapes
7637,Marine Art/Maritime
7641,Marine Art/Maritime
7643,Marine Art/Maritime
7645,Marine Art/Maritime
7651,Marine Art/Maritime
7657,Marine Art/Maritime
7659,Marine Art/Maritime
7661,Marine Art/Maritime
7663,Marine Art/Maritime
7665,Marine Art/Maritime
7671,Marine Art/Maritime
7671,Seascapes
7673,Marine Art/Maritime
7673,Seascapes
7679,Marine Art/Maritime
7681,Marine Art/Maritime
7687,Marine Art/Maritime
7689,Marine Art/Maritime
7689,Seascapes
7691,Marine Art/Maritime
7693,Marine Art/Maritime
7695,Marine Art/Maritime
7695,Seascapes
7699,Marine Art/Maritime
7719,Marine Art/Maritime
7725,Marine Art/Maritime
7725,Seascapes
7729,Marine Art/Maritime
7733,Still-Life
7735,Still-Life
7737,Still-Life
7747,Still-Life
7755,Portraits
7763,Still-Life
7765,Still-Life
7767,Still-Life
7769,Still-Life
7785,Still-Life
7791,Still-Life
7807,Still-Life
7811,Still-Life
7865,Portraits
7869,Portraits
7877,Christianity
7877,Portraits
7879,Christianity
7881,Christianity
7893,Christianity
7897,Christianity
7919,Landscape Art
7919,Rivers/Lakes
7925,Landscape Art
7925,Rivers/Lakes
7927,Landscape Art
7929,Landscape Art
7929,Rivers/Lakes
7949,Landscape Art
7955,Landscape Art
7959,Landscape Art
7983,Dogs
7987,Lovers
7987,Seascapes
7987,Summer
7999,Autumn/Fall
8039,Seascapes
8089,Seascapes
8109,Seascapes
8137,Spring
8171,Rivers/Lakes
17564,Spring
17714,Winter
17850,Seascapes
17852,Seascapes
17864,Seascapes
17872,Rivers/Lakes
17880,Seascapes
17888,Rivers/Lakes
17890,Rivers/Lakes
17910,Seascapes
17988,Seascapes
18008,Rivers/Lakes
18030,Rivers/Lakes
18102,Lovers
18112,Portraits
18114,Portraits
18130,Winter
18142,Portraits
18150,Bridges
18150,Rivers/Lakes
18246,Flowers
18248,Gardens
18278,Portraits
18286,Portraits
18288,Portraits
18296,Portraits
18298,Spring
18328,Gardens
18340,Gardens
18428,Portraits
18446,Still-Life
18489,Landscape Art
18491,Landscape Art
18501,Landscape Art
18505,Landscape Art
18519,Landscape Art
18525,Landscape Art
18527,Landscape Art
18529,Landscape Art
18531,Landscape Art
18535,Autumn/Fall
18535,Landscape Art
18571,Churches/Temples/Mosques
18587,Rivers/Lakes
18589,Rivers/Lakes
18605,Architectures
18619,Rivers/Lakes
18623,Horses
18633,Bridges
18633,Rivers/Lakes
18653,Portraits
18661,Rivers/Lakes
18663,Seascapes
18669,Rivers/Lakes
18679,Summer
18709,Rivers/Lakes
18761,Jesus Christ
18805,Christianity
18805,Jesus Christ
18821,Musics
18829,Portraits
18831,Portraits
18841,Portraits
18865,Portraits
18871,Portraits
18905,Dogs
18915,Musics
18917,Jesus Christ
18923,Musics
18923,Portraits
18927,Portraits
18931,Portraits
18941,Churches/Temples/Mosques
18963,Jesus Christ
18965,Christianity
18965,Jesus Christ
18969,Christianity
18969,Jesus Christ
18971,Jesus Christ
18993,Portraits
19039,Christianity
19045,Christianity
19051,Christianity
19057,Christianity
19057,Jesus Christ
19067,Christianity
19079,Christianity
19089,Christianity
19135,Spring
19141,Lovers
19233,Nude
19235,Nude
19243,Nude
19243,Summer
19337,Portraits
19341,Portraits
19343,Portraits
19347,Portraits
19355,Seascapes
19431,Tigers
19459,Nude
19461,Portraits
19463,Portraits
19467,Architectures
19467,Churches/Temples/Mosques
19485,Nude
19497,Nude
19511,Nude
19525,Tigers
19533,Architectures
19687,Still-Life
19697,Still-Life
19705,Still-Life
19709,Still-Life
19749,Cafes/Bars
19769,Still-Life
19773,Musics
19773,Still-Life
19775,Still-Life
19783,Still-Life
19807,Musics
19815,Musics
19815,Still-Life
19888,Gardens
19894,Seascapes
19930,Winter
19944,Spring
19970,Spring
19982,Seascapes
19990,Churches/Temples/Mosques
20008,Winter
20012,Gardens
20024,Winter
20052,Spring
20054,Flowers
20094,Flowers
20094,Still-Life
20208,Seascapes
20236,Abstract/Modern Art
20240,Abstract/Modern Art
20242,Abstract/Modern Art
20250,Abstract/Modern Art
20270,Abstract/Modern Art
20280,Abstract/Modern Art
20286,Abstract/Modern Art
20288,Abstract/Modern Art
20290,Abstract/Modern Art
20290,Gardens
20294,Abstract/Modern Art
20298,Abstract/Modern Art
20302,Abstract/Modern Art
20308,Abstract/Modern Art
20314,Abstract/Modern Art
20320,Abstract/Modern Art
20322,Abstract/Modern Art
20324,Abstract/Modern Art
20357,Musics
20376,Still-Life
20388,Flowers
20388,Still-Life
20408,Nude
20416,Nude
20424,Churches/Temples/Mosques
20464,Musics
20490,Gardens
20572,Spring
20574,Spring
20590,Flowers
20596,Tigers
20602,Tigers
20610,Horses
20610,Tigers
20622,Gardens
20646,Tigers
20674,Tigers
20688,Bridges
20760,Portraits
20764,Portraits
20770,Portraits
20772,Portraits
20774,Portraits
20804,Dogs
20848,Horses
20860,Winter
20876,Portraits
20878,Portraits
20880,Portraits
20882,Portraits
21054,Winter
21056,Rivers/Lakes
21056,Winter
21058,Marine Art/Maritime
21060,Marine Art/Maritime
21060,Rivers/Lakes
21062,Marine Art/Maritime
21064,Jesus Christ
21064,Marine Art/Maritime
21064,Seascapes
21066,Marine Art/Maritime
21066,Seascapes
21068,Marine Art/Maritime
21070,Marine Art/Maritime
21070,Seascapes
21072,Marine Art/Maritime
21072,Portraits
21074,Marine Art/Maritime
21074,Portraits
21076,Marine Art/Maritime
21076,Portraits
21078,Marine Art/Maritime
21082,Marine Art/Maritime
21082,Seascapes
21084,Marine Art/Maritime
21086,Marine Art/Maritime
21297,Spring
21299,Gardens
21301,Gardens
21303,Rivers/Lakes
21309,Flowers
21313,Nude
21335,Dogs
21345,Musics
21359,Horses
21369,Portraits
21371,Portraits
21399,Portraits
21407,Nude
21413,Christianity
21417,Christianity
21419,Christianity
21569,Deers
21569,Dogs
21581,Horses
21613,Horses
21671,Portraits
22351,Dogs
22353,Deers
22353,Dogs
22354,Dogs
22361,Deers
22365,Summer
22399,Nude
22404,Still-Life
22406,Still-Life
22419,Gardens
22466,Winter
22491,Deers
22496,Horses
22497,Horses
22503,Nude
22625,Abstract/Modern Art
22629,Abstract/Modern Art
22632,Abstract/Modern Art
22633,Abstract/Modern Art
22637,Summer
22668,Autumn/Fall
22697,Flowers
22697,Portraits
22723,Flowers
22735,Flowers
22752,Horses
22787,Nude
22852,Portraits
22890,Nude
22904,Nude
22909,Portraits
22911,Portraits
22912,Portraits
22914,Portraits
22933,Christianity
22933,Jesus Christ
22941,Christianity
22941,Jesus Christ
22948,Christianity
22950,Nude
22951,Nude
22957,Nude
22960,Nude
22966,Nude
23001,Portraits
23041,Spring
23057,Nude
23087,Musics
23105,Churches/Temples/Mosques
23105,Rivers/Lakes
23107,Bridges
23107,Rivers/Lakes
23109,Nude
23117,Nude
23143,Nude
23149,Nude
23151,Nude
23207,Marine Art/Maritime
23211,Marine Art/Maritime
23213,Marine Art/Maritime
23213,Seascapes
23215,Marine Art/Maritime
23217,Marine Art/Maritime
23219,Marine Art/Maritime
23259,Gardens
23269,Musics
23269,Still-Life
23283,Musics
23287,Still-Life
23289,Musics
23289,Still-Life
23291,Still-Life
23311,Musics
23313,Marine Art/Maritime
23317,Marine Art/Maritime
23331,Marine Art/Maritime
23335,Marine Art/Maritime
23337,Marine Art/Maritime
23337,Seascapes
23339,Marine Art/Maritime
23343,Marine Art/Maritime
23347,Marine Art/Maritime
23347,Seascapes
23349,Marine Art/Maritime
23351,Marine Art/Maritime
23351,Seascapes
23402,Landscape Art
23412,Musics
23414,Musics
23420,Deers
23434,Portraits
23436,Portraits
23438,Portraits
23440,Portraits
23442,Portraits
23444,Portraits
23448,Horses
23488,Christianity
23512,Christianity
23528,Musics
23530,Musics
23542,Nude
23544,Nude
23556,Portraits
23642,Still-Life
23648,Still-Life
23650,Still-Life
23652,Still-Life
23656,Still-Life
23658,Still-Life
23660,Still-Life
23704,Portraits
23706,Portraits
23740,Flowers
23770,Portraits
23782,Dogs
23782,Nude
23792,Rivers/Lakes
23808,Still-Life
23810,Still-Life
23812,Seascapes
23816,Winter
23818,Seascapes
23826,Rivers/Lakes
23830,Nude
23838,Nude
23840,Nude
23854,Seascapes
23856,Winter
23863,Christianity
23884,Nude
23925,Christianity
23941,Portraits
23945,Portraits
23951,Portraits
23953,Portraits
24001,Christianity
24029,Rivers/Lakes
24041,Horses
24047,Horses
24064,Rivers/Lakes
24066,Rivers/Lakes
24068,Rivers/Lakes
24105,Christianity
24107,Christianity
24109,Christianity
24113,Christianity
24113,Jesus Christ
24117,Nude
24117,Portraits
24125,Portraits
24127,Portraits
24129,Portraits
24131,Portraits
24161,Architectures
24171,Architectures
24235,Architectures
24237,Architectures
24277,Architectures
24277,Churches/Temples/Mosques
24277,Rivers/Lakes
24281,Architectures
24281,Rivers/Lakes
24283,Architectures
24283,Rivers/Lakes
24285,Architectures
24285,Rivers/Lakes
24287,Architectures
24287,Rivers/Lakes
24289,Architectures
24291,Architectures
24367,Lovers
24367,Spring
24369,Lovers
24371,Portraits
24463,Portraits
24465,Portraits
24515,Marine Art/Maritime
24517,Marine Art/Maritime
24519,Marine Art/Maritime
24536,Portraits
24536,U.S. Presidents
24860,Rivers/Lakes
25499,Flowers
25501,Flowers
25501,Still-Life
25519,Rivers/Lakes
25529,Marine Art/Maritime
25529,Portraits
25531,Marine Art/Maritime
25531,Portraits
25539,Portraits
25545,Jesus Christ
25549,Christianity
25553,Christianity
25575,Dogs
25595,Bridges
25595,Churches/Temples/Mosques
25623,Still-Life
25625,Bridges
25643,Flowers
25647,Jesus Christ
25649,Jesus Christ
25663,Horses
25682,Horses
25692,Portraits
25696,Flowers
25696,Still-Life
25708,Abstract/Modern Art
25712,Abstract/Modern Art
25718,Abstract/Modern Art
25734,Abstract/Modern Art
25736,Abstract/Modern Art
25738,Abstract/Modern Art
25740,Abstract/Modern Art
25744,Abstract/Modern Art
25756,Abstract/Modern Art
25762,Abstract/Modern Art
25772,Abstract/Modern Art
25788,Lovers
25790,Portraits
25794,Portraits
25796,Portraits
25863,Jesus Christ
25871,Christianity
25873,Christianity
25875,Portraits
25888,Portraits
25904,Portraits
25906,Christianity
25908,Christianity
26053,Nude
26075,Flowers
26081,Flowers
26081,Still-Life
26091,Flowers
26095,Flowers
26095,Still-Life
26103,Portraits
26109,Flowers
26111,Still-Life
26115,Still-Life
26121,Flowers
26121,Still-Life
26123,Flowers
26123,Still-Life
26125,Flowers
26125,Still-Life
26127,Still-Life
26129,Flowers
26129,Still-Life
26131,Flowers
26131,Still-Life
26133,Flowers
26133,Summer
26135,Flowers
26145,Dogs
26163,Lovers
26177,Lovers
26179,Lovers
26187,Winter
26231,Portraits
26272,Portraits
26276,Portraits
26278,Portraits
26280,Portraits
26290,Portraits
26298,Lovers
26298,Nude
26300,Architectures
26302,Architectures
26304,Architectures
26306,Architectures
26308,Architectures
26310,Architectures
26312,Architectures
26314,Architectures
26316,Architectures
26318,Architectures
26320,Architectures
26320,Rivers/Lakes
26322,Architectures
26322,Rivers/Lakes
26326,Architectures
26328,Architectures
26330,Architectures
26332,Architectures
26334,Architectures
26336,Architectures
26340,Architectures
26342,Architectures
26344,Architectures
26344,Rivers/Lakes
26346,Architectures
26348,Architectures
26378,Nude
26398,Portraits
26448,Horses
26460,Nude
26462,Horses
26468,Horses
26472,Lovers
26494,Musics
26521,Churches/Temples/Mosques
26521,Landscape Art
26523,Landscape Art
26525,Landscape Art
26527,Landscape Art
26539,Christianity
26539,Jesus Christ
26541,Christianity
26541,Jesus Christ
26545,Musics
26547,Christianity
26561,Still-Life
26563,Still-Life
26577,Still-Life
26579,Still-Life
26581,Still-Life
26585,Still-Life
26599,Musics
26603,Musics
26631,Portraits
26633,Portraits
26639,Portraits
26641,Portraits
26643,Portraits
26645,Portraits
26647,Portraits
26649,Portraits
26653,Portraits
26655,Portraits
26665,Portraits
26667,Portraits
26687,Cafes/Bars
26695,Musics
26699,Marine Art/Maritime
26701,Marine Art/Maritime
26705,Marine Art/Maritime
26707,Marine Art/Maritime
26709,Marine Art/Maritime
26711,Marine Art/Maritime
26711,Seascapes
26713,Marine Art/Maritime
26715,Marine Art/Maritime
26717,Marine Art/Maritime
26719,Marine Art/Maritime
26743,Portraits
26745,Portraits
26761,Portraits
26791,Still-Life
26795,Musics
26795,Still-Life
26797,Still-Life
26801,Still-Life
26818,Autumn/Fall
26822,Landscape Art
26824,Spring
26836,Spring
26846,Nude
26872,Nude
26876,Portraits
26904,Portraits
26918,Nude
26926,Architectures
26962,Architectures
26964,Architectures
26978,Architectures
26984,Christianity
26986,Christianity
26988,Christianity
26992,Musics
27018,Portraits
27022,Still-Life
27030,Marine Art/Maritime
27032,Marine Art/Maritime
27034,Marine Art/Maritime
27038,Marine Art/Maritime
27040,Marine Art/Maritime
27044,Marine Art/Maritime
27046,Marine Art/Maritime
27048,Marine Art/Maritime
27050,Marine Art/Maritime
27052,Marine Art/Maritime
27060,Christianity
27064,Christianity
27089,Marine Art/Maritime
27091,Marine Art/Maritime
27093,Marine Art/Maritime
27095,Marine Art/Maritime
27097,Marine Art/Maritime
27131,Christianity
27131,Jesus Christ
27169,Portraits
27171,Portraits
27173,Nude
27205,Gardens
27291,Summer
27483,Autumn/Fall
27487,Architectures
27493,Portraits
27495,Portraits
27521,Jesus Christ
27595,Dogs
27597,Christianity
27597,Jesus Christ
27603,Christianity
27619,Portraits
27621,Portraits
27623,Portraits
27629,Christianity
27631,Christianity
27635,Christianity
27856,Landscape Art
27858,Landscape Art
27860,Landscape Art
27860,Rivers/Lakes
27862,Landscape Art
27862,Rivers/Lakes
27864,Landscape Art
27864,Rivers/Lakes
27866,Landscape Art
27868,Landscape Art
27870,Landscape Art
27872,Landscape Art
27872,Rivers/Lakes
27872,Summer
27874,Landscape Art
27876,Landscape Art
27876,Seascapes
27878,Landscape Art
27928,Horses
27930,Dogs
27938,Horses
27940,Marine Art/Maritime
27944,Marine Art/Maritime
27946,Marine Art/Maritime
27994,Portraits
27996,Portraits
27998,Portraits
28000,Portraits
28002,Portraits
28004,Portraits
28006,Portraits
28008,Portraits
28012,Portraits
28014,Portraits
28016,Portraits
28018,Portraits
28022,Portraits
28028,Portraits
28066,Winter
28149,Portraits
28161,Portraits
28163,Portraits
28171,Portraits
28177,Portraits
28179,Portraits
28185,Portraits
28193,Portraits
28201,Portraits
28201,U.S. Presidents
28207,Portraits
28211,Portraits
28223,Portraits
28227,Portraits
28231,Portraits
28233,Portraits
28237,Portraits
28243,Portraits
28247,U.S. Presidents
28257,Christianity
28277,Christianity
28279,Christianity
28283,Portraits
28287,Christianity
28289,Christianity
28297,Christianity
28301,Marine Art/Maritime
28301,Seascapes
28303,Marine Art/Maritime
28305,Marine Art/Maritime
28305,Seascapes
28307,Marine Art/Maritime
28307,Seascapes
28309,Marine Art/Maritime
28311,Marine Art/Maritime
28319,Portraits
28321,Portraits
28323,Portraits
28399,Portraits
28401,Portraits
28403,Portraits
28421,Christianity
28421,Jesus Christ
28433,Christianity
28441,Christianity
28443,Nude
28445,Christianity
28449,Musics
28461,Landscape Art
28461,Seascapes
28463,Landscape Art
28465,Landscape Art
28467,Landscape Art
28467,Summer
28469,Landscape Art
28469,Rivers/Lakes
28471,Landscape Art
28471,Rivers/Lakes
28473,Landscape Art
28475,Landscape Art
28477,Landscape Art
28605,Portraits
28657,Gardens
28671,Landscape Art
28671,Rivers/Lakes
28689,Marine Art/Maritime
28689,Seascapes
28693,Marine Art/Maritime
28695,Marine Art/Maritime
28697,Marine Art/Maritime
28697,Seascapes
28699,Marine Art/Maritime
28701,Marine Art/Maritime
28701,Seascapes
28705,Marine Art/Maritime
28707,Portraits
28707,U.S. Presidents
28709,Portraits
28711,Portraits
28713,Portraits
28715,Portraits
28719,Portraits
28725,Portraits
28725,U.S. Presidents
28727,Portraits
28729,Portraits
28731,Portraits
28733,Portraits
28735,Portraits
28737,Portraits
28739,Portraits
28743,Portraits
28745,Portraits
28747,Portraits
28749,Portraits
28757,Portraits
28761,Portraits
28763,Portraits
28765,Portraits
28769,Portraits
28773,Portraits
28775,Portraits
28777,Portraits
28781,Portraits
28783,Portraits
28785,Portraits
28791,Rivers/Lakes
28935,Marine Art/Maritime
28937,Marine Art/Maritime
28939,Marine Art/Maritime
28943,Marine Art/Maritime
28945,Marine Art/Maritime
28947,Marine Art/Maritime
28953,Churches/Temples/Mosques
28953,Marine Art/Maritime
28955,Marine Art/Maritime
28957,Marine Art/Maritime
28987,Musics
29005,Christianity
29021,Portraits
29033,Christianity
29039,Christianity
29122,Portraits
29149,Winter
29163,Seascapes
29167,Seascapes
29183,Architectures
29183,Rivers/Lakes
29270,Flowers
29270,Gardens
29292,Landscape Art
29294,Landscape Art
29296,Landscape Art
29298,Landscape Art
29300,Marine Art/Maritime
29302,Marine Art/Maritime
29304,Marine Art/Maritime
29304,Seascapes
29306,Marine Art/Maritime
29308,Marine Art/Maritime
29310,Marine Art/Maritime
29310,Seascapes
29312,Marine Art/Maritime
29312,Seascapes
29314,Marine Art/Maritime
29314,Seascapes
29316,Marine Art/Maritime
29316,Seascapes
29318,Marine Art/Maritime
29320,Marine Art/Maritime
29322,Rivers/Lakes
29324,Rivers/Lakes
29336,Rivers/Lakes
29338,Rivers/Lakes
29342,Rivers/Lakes
29346,Seascapes
29350,Portraits
29354,Portraits
29402,Christianity
29402,Jesus Christ
29414,Portraits
29418,Portraits
29456,Horses
29546,Portraits
29554,Lovers
29576,Christianity
29602,Christianity
29602,Jesus Christ
29604,Christianity
29606,Christianity
29610,Christianity
29682,Portraits
29726,Summer
29748,Rivers/Lakes
29818,Abstract/Modern Art
29914,Flowers
29922,Still-Life
29944,Nude
30012,Musics
30052,Dancers
30064,Nude
30094,Abstract/Modern Art
30096,Abstract/Modern Art
30114,Abstract/Modern Art
30114,Still-Life
30118,Abstract/Modern Art
30118,Still-Life
30148,Autumn/Fall
30168,Spring
30210,Rivers/Lakes
30230,Nude
30256,Rivers/Lakes
30258,Rivers/Lakes
30260,Rivers/Lakes
30268,Seascapes
30280,Summer
30290,Nude
30290,Rivers/Lakes
30897,Portraits
30899,Portraits
30901,Portraits
30905,Spring
30907,Marine Art/Maritime
30911,Marine Art/Maritime
30913,Marine Art/Maritime
30915,Marine Art/Maritime
30917,Marine Art/Maritime
30925,Winter
30927,Rivers/Lakes
30943,Dogs
30951,Dogs
30957,Tigers
30963,Dogs
30967,Portraits
30971,Still-Life
30981,Dogs
30985,Tigers
30995,Dogs
31660,Deers
31676,Dogs
31776,Portraits
31778,Portraits
31798,Portraits
31808,Portraits
31812,Portraits
31814,Portraits
31824,Portraits
31834,Rivers/Lakes
31930,U.S. Presidents
31932,U.S. Presidents
31934,U.S. Presidents
31964,U.S. Presidents
31984,Portraits
31986,Portraits
31988,Portraits
31990,Portraits
31992,Portraits
31994,Portraits
31996,Portraits
31998,Portraits
32000,Portraits
32000,U.S. Presidents
32002,Portraits
32022,Autumn/Fall
119229,Architectures
119229,Rivers/Lakes
119238,Architectures
119238,Rivers/Lakes
119256,Architectures
119256,Rivers/Lakes
119288,Architectures
119288,Rivers/Lakes
119325,Architectures
119325,Churches/Temples/Mosques
119345,Architectures
119365,Architectures
119365,Rivers/Lakes
121282,Portraits
121295,Portraits
121306,Portraits
121317,Portraits
121326,Portraits
121340,Flowers
121362,Flowers
121373,Flowers
121395,Flowers
121454,Bridges
121510,Rivers/Lakes
121849,Portraits
121913,Portraits
121922,Portraits
121931,Portraits
121940,Portraits
121963,Portraits
121985,Portraits
122007,Portraits
122029,Portraits
122040,Portraits
122051,Portraits
122066,Musics
122110,Still-Life
122215,Portraits
122236,Portraits
122236,U.S. Presidents
122518,Flowers
122518,Still-Life
122748,Flowers
122759,Portraits
122879,Portraits
122955,Portraits
123601,Flowers
123765,Landscape Art
124301,Flowers
124356,Flowers
124356,Water Lilies
125273,Winter
125306,Winter
125471,Autumn/Fall
125471,Landscape Art
125471,Winter
125498,Seascapes
129381,Nude
129686,Rivers/Lakes
131020,Gardens
131020,Spring
135892,Portraits
136150,Bridges
139499,Portraits
147786,Dancers
147786,Portraits
149189,Christianity
149279,Christianity
154855,Flowers
154855,Still-Life
154869,Flowers
154869,Still-Life
154883,Still-Life
156534,Flowers
156534,Still-Life
156542,Flowers
156542,Still-Life
156550,Flowers
156550,Still-Life
156558,Still-Life
156969,Christianity
157666,Landscape Art
157804,Landscape Art
157814,Landscape Art
158676,Architectures
158890,Christianity
160228,Still-Life
160244,Still-Life
160252,Still-Life
160268,Still-Life
160324,Portraits
160332,Portraits
160396,Landscape Art
160412,Landscape Art
160428,Christianity
160444,Christianity
160516,Landscape Art
160532,Christianity
160532,Jesus Christ
160540,Landscape Art
160548,Landscape Art
160556,Landscape Art
160660,Architectures
160669,Architectures
160677,Architectures
160685,Architectures
160709,Flowers
160709,Still-Life
160717,Portraits
160753,Landscape Art
160763,Landscape Art
160783,Landscape Art
160795,Landscape Art
160815,Christianity
160835,Landscape Art
160895,Flowers
160895,Still-Life
160905,Portraits
160915,Portraits
163031,Portraits
164583,Portraits
164628,Still-Life
164641,Still-Life
164824,Still-Life
167363,Landscape Art
167375,Marine Art/Maritime
167397,Marine Art/Maritime
167406,Marine Art/Maritime
167424,Marine Art/Maritime
167433,Marine Art/Maritime
167442,Marine Art/Maritime
167451,Marine Art/Maritime
167469,Marine Art/Maritime
167478,Marine Art/Maritime
167500,Marine Art/Maritime
167511,Marine Art/Maritime
167710,Marine Art/Maritime
167719,Marine Art/Maritime
167728,Marine Art/Maritime
167737,Christianity
167737,Jesus Christ
168064,Christianity
168132,Marine Art/Maritime
168868,Landscape Art
168953,Christianity
169235,Christianity
169244,Christianity
169261,Musics
169272,Musics
169386,Christianity
170193,Landscape Art
170221,Landscape Art
170232,Landscape Art
171423,Flowers
171423,Still-Life
171548,Still-Life
171578,Still-Life
171589,Still-Life
175698,Portraits
176533,Portraits
179331,Abstract/Modern Art
179382,Abstract/Modern Art
179470,Abstract/Modern Art
179481,Abstract/Modern Art
179503,Abstract/Modern Art
182624,Flowers
185555,Landscape Art
186017,Autumn/Fall
186017,Landscape Art
188327,Christianity
188382,Flowers
188382,Still-Life
188387,Architectures
188392,Architectures
188593,Christianity
188598,Christianity
189215,Marine Art/Maritime
189224,Marine Art/Maritime
189411,Jesus Christ
189573,Christianity
189573,Jesus Christ
189581,Christianity
189581,Jesus Christ
189589,Christianity
189793,Portraits
189804,Portraits
189813,Portraits
189822,Portraits
189831,Portraits
190729,Marine Art/Maritime
190740,Marine Art/Maritime
190758,Marine Art/Maritime
191191,Marine Art/Maritime
191200,Marine Art/Maritime
191223,Marine Art/Maritime
191232,Marine Art/Maritime
191257,Marine Art/Maritime
191970,Musics
192064,Musics
192088,Landscape Art
192099,Landscape Art
192110,Landscape Art
192120,Landscape Art
192134,Landscape Art
192141,Landscape Art
192148,Landscape Art
192160,Landscape Art
192167,Landscape Art
193489,Bridges
193505,Architectures
193512,Architectures
193557,Architectures
193566,Architectures
193575,Architectures
193587,Portraits
193603,Portraits
193610,Portraits
193647,Portraits
193656,Portraits
193674,Portraits
193683,Portraits
193705,Portraits
193741,Portraits
193750,Portraits
193768,Portraits
193777,Portraits
193880,Gardens
193949,Lovers
193949,Musics
194022,Christianity
194051,Christianity
194065,Portraits
194092,Portraits
194101,Portraits
194121,Portraits
194139,Portraits
194162,Portraits
194169,Portraits
194189,Portraits
194198,Portraits
194207,Portraits
194279,Portraits
194297,Portraits
194492,Musics
194993,Horses
195004,Nude
195044,Dancers
195099,Flowers
195121,Seascapes
195211,Nude
195279,Flowers
195288,Flowers
195297,Flowers
195361,Portraits
195388,Rivers/Lakes
195432,Flowers
195460,Still-Life
195477,Flowers
195489,Flowers
195837,Still-Life
195846,Still-Life
195855,Still-Life
195864,Still-Life
195873,Still-Life
195893,Still-Life
195904,Still-Life
195915,Still-Life
195926,Still-Life
195941,Nude
195952,Nude
195963,Nude
195974,Nude
195985,Nude
196156,Flowers
196188,Nude
196198,Abstract/Modern Art
196210,Abstract/Modern Art
196284,Nude
196295,Nude
196306,Nude
196317,Nude
196325,Nude
196335,Nude
196345,Nude
196355,Nude
196365,Nude
196376,Nude
196387,Nude
196397,Nude
196407,Nude
196417,Nude
196427,Nude
196437,Nude
196447,Nude
196457,Nude
196467,Nude
196746,Autumn/Fall
197109,Nude
197452,Flowers
197462,Flowers
197473,Flowers
197484,Flowers
197495,Flowers
197506,Flowers
197517,Flowers
197631,Still-Life
197641,Still-Life
197651,Still-Life
197671,Still-Life
197681,Nude
197711,Flowers
197721,Still-Life
197741,Nude
197889,Flowers
198253,Bridges
198264,Dogs
198301,Rivers/Lakes
198321,Bridges
198321,Rivers/Lakes
198332,Rivers/Lakes
198417,Christianity
198494,Still-Life
198519,Bridges
198582,Gardens
198607,Portraits
198625,Nude
198638,Portraits
198728,Portraits
198740,Flowers
198824,Summer
198888,Landscape Art
198923,Jesus Christ
198962,Spring
198973,Spring
199033,Nude
199079,Marine Art/Maritime
199200,Portraits
199210,Portraits
199289,Christianity
199308,Portraits
199319,Marine Art/Maritime
199604,Christianity
199708,Rivers/Lakes
199739,Portraits
199763,Jesus Christ
199973,Landscape Art
200080,Marine Art/Maritime
200912,Still-Life
200922,Still-Life
200944,Christianity
200944,Portraits
200966,Abstract/Modern Art
204167,Portraits
204197,Portraits
204220,Landscape Art
204220,Spring
204291,Nude
204338,Marine Art/Maritime
204347,Seascapes
204420,Portraits
204431,Portraits
204442,Portraits
204478,Spring
204515,Landscape Art
204524,Landscape Art
204533,Landscape Art
204540,Still-Life
204552,Flowers
204660,Musics
204701,Nude
204710,Summer
204743,Landscape Art
204763,Christianity
204794,Rivers/Lakes
204816,Dancers
204830,Portraits
204878,Christianity
204878,Jesus Christ
204898,Portraits
204911,Portraits
205477,Flowers
206136,Portraits
206174,Portraits
206290,Portraits
206301,Portraits
206381,Flowers
206391,Flowers
206452,Portraits
206465,Portraits
206476,Portraits
206486,Portraits
206494,Portraits
206594,Marine Art/Maritime
206649,Portraits
206729,Christianity
206850,Still-Life
206942,Seascapes
206976,Portraits
207032,Landscape Art
207117,Rivers/Lakes
207216,Portraits
207269,Portraits
207279,Landscape Art
207284,Landscape Art
207310,Landscape Art
207408,Landscape Art
207471,Landscape Art
207471,Winter
207481,Landscape Art
207489,Landscape Art
207497,Landscape Art
207505,Landscape Art
207513,Landscape Art
207522,Autumn/Fall
207522,Landscape Art
207586,Landscape Art
207595,Landscape Art
207626,Marine Art/Maritime
207636,Portraits
208052,Nude
208110,Rivers/Lakes
208139,Still-Life
208163,Seascapes
208174,Water Lilies
208186,Water Lilies
208216,Winter
208300,Seascapes
208553,Rivers/Lakes
208564,Bridges
208575,Rivers/Lakes
208586,Rivers/Lakes
208746,Still-Life